,0,1,2,3,4,5,6,7,8,9,10,11,12,13,14,15,16,17,18,19,20,21,22,23,24,25,26,27,28,29,30,31,32,33,34,35,36,37,38,39,40,41,42,43,44,45,46,47,48,49,50,51,52,53,54,55,56,57,58,59,60,61,62,63,64,65,66,67,68,69,70,71,72,73,74,75,76,77,78,79,80,81,82,83,84,85,86,87,88,89,90,91,92,93,94,95
0,-9,-9.0,-9,-9,-9,-9,-9,-9,-9,-9,-9,-9.0,-9,-9,-9,-9.0,-9.0,-9,-9,-9.0,-9.0,-9.0,-9.0,-9.0,-9.0,-9.0,-9.0,-9.0,-9.0,-9.0,-9.0,-9.0,-9.0,-9.0,-9.0,-9.0,-9.0,-9.0,-9.0,-9.0,-9.0,-9.0,-9.0,-9.0,-9,-9,-9.0,-9,-9,-9,-9,-9,-9,-9,-9,-9,-9,-9,-9,-9,-9,-9,-9,-9,-9,-9,-9,-9,-9,-9,-9,-9,-9,-9,-9,-9,-9.0,-9.0,-9,-9,-9.0,-9,-9,-9,-9,-9,-9,-9,-9,-9,-9,-9,-9,-9,-9,-9
1,-9,-9.0,-9,-9,-9,-9,-9,-9,-9,-9,-9,-9.0,-9,-9,-9,-9.0,-9.0,-9,-9,-9.0,-9.0,-9.0,-9.0,-9.0,-9.0,-9.0,0.0,0.0,-9.0,-9.0,-9.0,-9.0,-9.0,-9.0,-9.0,-9.0,-9.0,-9.0,-9.0,-9.0,-9.0,-9.0,-9.0,-9.0,-9,-9,-9.0,-9,-9,-9,-9,-9,-9,-9,-9,-9,-9,-9,-9,-9,-9,-9,-9,-9,-9,-9,-9,-9,-9,-9,-9,-9,-9,-9,-9,-9,-9.0,-9.0,-9,-9,-9.0,-9,-9,-9,-9,-9,-9,-9,-9,-9,-9,-9,-9,-9,-9,-9
2,-9,-9.0,-9,-9,-9,-9,-9,-9,-9,-9,-9,-9.0,-9,-9,-9,-9.0,-9.0,-9,-9,-9.0,-9.0,-9.0,-9.0,-9.0,-9.0,-9.0,-9.0,-9.0,-9.0,0.0,-0.008999999612569809,-9.0,-9.0,-9.0,-9.0,-9.0,-9.0,-9.0,-9.0,-9.0,-9.0,-9.0,-9.0,-9.0,-9,-9,-9.0,-9,-9,-9,-9,-9,-9,-9,-9,-9,-9,-9,-9,-9,-9,-9,-9,-9,-9,-9,-9,-9,-9,-9,-9,-9,-9,-9,-9,-9,-9.0,-9.0,-9,-9,-9.0,-9,-9,-9,-9,-9,-9,-9,-9,-9,-9,-9,-9,-9,-9,-9
3,-9,-9.0,-9,-9,-9,-9,-9,-9,-9,-9,-9,-9.0,-9,-9,-9,-9.0,-9.0,-9,-9,-9.0,-9.0,-9.0,-9.0,-9.0,-9.0,-9.0,-9.0,-9.0,0.0,-9.0,0.0,0.0,-9.0,-9.0,1.490000009536743,-9.0,-9.0,-9.0,-9.0,-9.0,-9.0,-9.0,-9.0,-9.0,-9,-9,-9.0,-9,-9,-9,-9,-9,-9,-9,-9,-9,-9,-9,-9,-9,-9,-9,-9,-9,-9,-9,-9,-9,-9,-9,-9,-9,-9,-9,-9,-9,-9.0,-9.0,-9,-9,-9.0,-9,-9,-9,-9,-9,-9,-9,-9,-9,-9,-9,-9,-9,-9,-9
4,-9,-9.0,-9,-9,-9,-9,-9,-9,-9,-9,-9,-9.0,-9,-9,-9,-9.0,-9.0,-9,-9,-9.0,-9.0,-9.0,-9.0,-0.008999999612569809,-9.0,-9.0,-9.0,-9.0,0.0,-9.0,-9.0,-9.0,-9.0,1.4969999790191653,1.491000056266785,1.4889999628067017,1.4859999418258665,-9.0,-9.0,-9.0,-9.0,-9.0,-9.0,-9.0,-9,-9,-9.0,-9,-9,-9,-9,-9,-9,-9,-9,-9,-9,-9,-9,-9,-9,-9,-9,-9,-9,-9,-9,-9,-9,-9,-9,-9,-9,-9,-9,-9,-9.0,-9.0,-9,-9,-9.0,-9,-9,-9,-9,-9,-9,-9,-9,-9,-9,-9,-9,-9,-9,-9
5,-9,-9.0,-9,-9,-9,-9,-9,-9,-9,-9,-9,-9.0,-9,-9,-9,-9.0,-9.0,-9,-9,-9.0,-9.0,-9.0,-9.0,-9.0,-0.008999999612569809,-9.0,-9.0,-9.0,-9.0,-9.0,-9.0,-0.008999999612569809,1.5199999809265137,1.509999990463257,1.503999948501587,1.503999948501587,1.4980000257492065,1.4880000352859495,1.486999988555908,-9.0,-9.0,-9.0,-9.0,-9.0,-9,-9,-9.0,-9,-9,-9,-9,-9,-9,-9,-9,-9,-9,-9,-9,-9,-9,-9,-9,-9,-9,-9,-9,-9,-9,-9,-9,-9,-9,-9,-9,-9,-9.0,-9.0,-9,-9,-9.0,-9,-9,-9,-9,-9,-9,-9,-9,-9,-9,-9,-9,-9,-9,-9
6,-9,-9.0,-9,-9,-9,-9,-9,-9,-9,-9,-9,-9.0,-9,-9,-9,-9.0,-9.0,-9,-9,-9.0,-9.0,-9.0,-9.0,1.5759999752044673,1.5690000057220457,1.562000036239624,-9.0,-9.0,-9.0,-9.0,-9.0,1.5219999551773071,1.5190000534057615,-9.0,-9.0,-9.0,1.5169999599456787,1.509999990463257,1.5049999952316286,1.5030000209808347,-9.0,-9.0,-9.0,-9.0,-9,-9,-9.0,-9,-9,-9,-9,-9,-9,-9,-9,-9,-9,-9,-9,-9,-9,-9,-9,-9,-9,-9,-9,-9,-9,-9,-9,-9,-9,-9,-9,-9,-9.0,-9.0,-9,-9,-9.0,-9,-9,-9,-9,-9,-9,-9,-9,-9,-9,-9,-9,-9,-9,-9
7,-9,-9.0,-9,-9,-9,-9,-9,-9,-9,-9,-9,-9.0,-9,-9,-9,-9.0,-9.0,-9,-9,1.5349999666213987,1.5349999666213987,-9.0,-9.0,1.559999942779541,1.559999942779541,1.5529999732971191,1.547999978065491,1.5420000553131106,1.5390000343322752,1.5449999570846555,1.5319999456405637,1.5130000114440914,1.508999943733215,-9.0,-9.0,-9.0,-9.0,1.5049999952316286,1.4980000257492065,1.4969999790191653,1.4939999580383299,1.4939999580383299,-9.0,-9.0,-9,-9,-9.0,-9,-9,-9,-9,-9,-9,-9,-9,-9,-9,-9,-9,-9,-9,-9,-9,-9,-9,-9,-9,-9,-9,-9,-9,-9,-9,-9,-9,-9,-9.0,-9.0,-9,-9,-9.0,-9,-9,-9,-9,-9,-9,-9,-9,-9,-9,-9,-9,-9,-9,-9
8,-9,-9.0,-9,-9,-9,-9,-9,-9,-9,-9,-9,-9.0,-9,-9,-9,-9.0,-9.0,-9,-9,1.5399999618530273,1.5399999618530273,1.5399999618530273,1.5399999618530273,1.5369999408721922,1.5349999666213987,1.5319999456405637,1.5260000228881838,1.5180000066757202,1.5219999551773071,1.5119999647140503,1.5069999694824219,1.493000030517578,1.4850000143051147,-0.008999999612569809,-9.0,-9.0,-9.0,1.452000021934509,1.4450000524520872,1.437999963760376,1.4329999685287476,1.4129999876022339,1.4359999895095823,-9.0,-9,-9,-9.0,-9,-9,-9,-9,-9,-9,-9,-9,-9,-9,-9,-9,-9,-9,-9,-9,-9,-9,-9,-9,-9,-9,-9,-9,-9,-9,-9,-9,-9,-9.0,-9.0,-9,-9,-9.0,-9,-9,-9,-9,-9,-9,-9,-9,-9,-9,-9,-9,-9,-9,-9
9,-9,-9.0,-9,-9,-9,-9,-9,-9,-9,-9,-9,-9.0,-9,-9,-9,-9.0,-9.0,-9,-9,-9.0,1.5429999828338623,1.5429999828338623,1.5429999828338623,1.5360000133514404,1.5199999809265137,1.5190000534057615,-9.0,-9.0,-9.0,-9.0,-9.0,-9.0,1.475000023841858,1.4700000286102295,-9.0,-9.0,-9.0,-9.0,1.4170000553131106,1.4140000343322754,1.4110000133514404,1.4129999876022339,1.4110000133514404,1.4129999876022339,-9,-9,-9.0,-9,-9,-9,-9,-9,-9,-9,-9,-9,-9,-9,-9,-9,-9,-9,-9,-9,-9,-9,-9,-9,-9,-9,-9,-9,-9,-9,-9,-9,-9.0,-9.0,-9,-9,-9.0,-9,-9,-9,-9,-9,-9,-9,-9,-9,-9,-9,-9,-9,-9,-9
10,-9,-9.0,-9,-9,-9,-9,-9,-9,-9,-9,-9,-9.0,-9,-9,-9,-9.0,-9.0,-9,-9,-9.0,-9.0,-9.0,1.5440000295639038,-9.0,-9.0,-9.0,-9.0,-9.0,-9.0,-9.0,-9.0,-9.0,-9.0,-9.0,-9.0,-9.0,-9.0,-9.0,-9.0,1.375,1.375,1.3819999694824219,1.3910000324249268,1.383999943733215,-9,-9,-9.0,-9,-9,-9,-9,-9,-9,-9,-9,-9,-9,-9,-9,-9,-9,-9,-9,-9,-9,-9,-9,-9,-9,-9,-9,-9,-9,-9,-9,-9,-9.0,-9.0,-9,-9,-9.0,-9,-9,-9,-9,-9,-9,-9,-9,-9,-9,-9,-9,-9,-9,-9
11,-9,-9.0,-9,-9,-9,-9,-9,-9,-9,-9,-9,-9.0,-9,-9,-9,-9.0,-9.0,-9,-9,-9.0,-9.0,-9.0,-9.0,-9.0,-9.0,-9.0,-9.0,-9.0,-9.0,-9.0,-9.0,-9.0,-9.0,-9.0,-9.0,-9.0,-9.0,-9.0,-9.0,1.3480000495910645,1.3489999771118162,1.3539999723434448,1.3600000143051147,1.361999988555908,-9,-9,-9.0,-9,-9,-9,-9,-9,-9,-9,-9,-9,-9,-9,-9,-9,-9,-9,-9,-9,-9,-9,-9,-9,-9,-9,-9,-9,-9,-9,-9,-9,-9.0,-9.0,-9,-9,-9.0,-9,-9,-9,-9,-9,-9,-9,-9,-9,-9,-9,-9,-9,-9,-9
12,-9,-9.0,-9,-9,-9,-9,-9,-9,-9,-9,-9,-9.0,-9,-9,-9,-9.0,-9.0,-9,-9,-9.0,-9.0,-9.0,-9.0,-9.0,-9.0,-9.0,-9.0,-9.0,-9.0,-9.0,-9.0,-9.0,-9.0,-9.0,-9.0,-9.0,1.3220000267028809,-9.0,-9.0,1.3220000267028809,1.3250000476837158,1.3300000429153442,1.327000021934509,-9.0,-9,-9,-9.0,-9,-9,-9,-9,-9,-9,-9,-9,-9,-9,-9,-9,-9,-9,-9,-9,-9,-9,-9,-9,-9,-9,-9,-9,-9,-9,-9,-9,-9,-9.0,-9.0,-9,-9,-9.0,-9,-9,-9,-9,-9,-9,-9,-9,-9,-9,-9,-9,-9,-9,-9
13,-9,-9.0,-9,-9,-9,-9,-9,-9,-9,-9,-9,-9.0,-9,-9,-9,-9.0,-9.0,-9,-9,-9.0,-9.0,-9.0,-9.0,-9.0,-9.0,-9.0,-9.0,-9.0,-9.0,-9.0,-9.0,-9.0,-9.0,-9.0,-9.0,-9.0,1.319000005722046,-9.0,-9.0,1.3070000410079954,1.3140000104904177,1.3200000524520872,-9.0,-9.0,-9,-9,-9.0,-9,-9,-9,-9,-9,-9,-9,-9,-9,-9,-9,-9,-9,-9,-9,-9,-9,-9,-9,-9,-9,-9,-9,-9,-9,-9,-9,-9,-9,-9.0,-9.0,-9,-9,-9.0,-9,-9,-9,-9,-9,-9,-9,-9,-9,-9,-9,-9,-9,-9,-9
14,-9,-9.0,-9,-9,-9,-9,-9,-9,-9,-9,-9,-9.0,-9,-9,-9,-9.0,-9.0,-9,-9,-9.0,-9.0,-9.0,-9.0,-9.0,-9.0,-9.0,-9.0,-9.0,-9.0,-9.0,-9.0,-9.0,-9.0,-9.0,-9.0,-9.0,1.3079999685287476,-9.0,-9.0,1.2730000019073489,1.2829999923706057,-9.0,-9.0,-9.0,-9,-9,-9.0,-9,-9,-9,-9,-9,-9,-9,-9,-9,-9,-9,-9,-9,-9,-9,-9,-9,-9,-9,-9,-9,-9,-9,-9,-9,-9,-9,-9,-9,-9.0,-9.0,-9,-9,-9.0,-9,-9,-9,-9,-9,-9,-9,-9,-9,-9,-9,-9,-9,-9,-9
15,-9,-9.0,-9,-9,-9,-9,-9,-9,-9,-9,-9,-9.0,-9,-9,-9,-9.0,-9.0,-9,-9,-9.0,-9.0,-9.0,-9.0,-9.0,-9.0,-9.0,-9.0,-9.0,-9.0,-9.0,-9.0,-9.0,-9.0,-9.0,-9.0,-9.0,1.3090000152587888,-9.0,1.253999948501587,1.2549999952316286,1.2560000419616701,-9.0,-9.0,-9.0,-9,-9,-9.0,-9,-9,-9,-9,-9,-9,-9,-9,-9,-9,-9,-9,-9,-9,-9,-9,-9,-9,-9,-9,-9,-9,-9,-9,-9,-9,-9,-9,-9,-9.0,-9.0,-9,-9,-9.0,-9,-9,-9,-9,-9,-9,-9,-9,-9,-9,-9,-9,-9,-9,-9
16,-9,-9.0,-9,-9,-9,-9,-9,-9,-9,-9,-9,-9.0,-9,-9,-9,-9.0,-9.0,-9,-9,-9.0,-9.0,-9.0,-9.0,-9.0,-9.0,-9.0,-9.0,-9.0,-9.0,-9.0,-9.0,-9.0,-9.0,-9.0,-9.0,-9.0,-9.0,-9.0,1.2220000028610227,1.2220000028610227,1.2230000495910645,-9.0,-9.0,-9.0,-9,-9,-9.0,-9,-9,-9,-9,-9,-9,-9,-9,-9,-9,-9,-9,-9,-9,-9,-9,-9,-9,-9,-9,-9,-9,-9,-9,-9,-9,-9,-9,-9,-9.0,-9.0,-9,-9,-9.0,-9,-9,-9,-9,-9,-9,-9,-9,-9,-9,-9,-9,-9,-9,-9
17,-9,-9.0,-9,-9,-9,-9,-9,-9,-9,-9,-9,-9.0,-9,-9,-9,-9.0,-9.0,-9,-9,-9.0,-9.0,-9.0,-9.0,-9.0,-9.0,-9.0,-9.0,-9.0,-9.0,-9.0,-9.0,-9.0,-9.0,-9.0,-9.0,-9.0,-9.0,-9.0,-9.0,1.1890000104904177,1.2039999961853027,-9.0,-9.0,-9.0,-9,-9,-9.0,-9,-9,-9,-9,-9,-9,-9,-9,-9,-9,-9,-9,-9,-9,-9,-9,-9,-9,-9,-9,-9,-9,-9,-9,-9,-9,-9,-9,-9,-9.0,-9.0,-9,-9,-9.0,-9,-9,-9,-9,-9,-9,-9,-9,-9,-9,-9,-9,-9,-9,-9
18,-9,-9.0,-9,-9,-9,-9,-9,-9,-9,-9,-9,-9.0,-9,-9,-9,1.281000018119812,1.281000018119812,-9,-9,-9.0,-9.0,-9.0,-9.0,-9.0,-9.0,-9.0,-9.0,-9.0,-9.0,-9.0,-9.0,-9.0,1.3090000152587888,-9.0,-9.0,-9.0,-9.0,-9.0,-9.0,-9.0,-9.0,-9.0,-9.0,-9.0,-9,-9,-9.0,-9,-9,-9,-9,-9,-9,-9,-9,-9,-9,-9,-9,-9,-9,-9,-9,-9,-9,-9,-9,-9,-9,-9,-9,-9,-9,-9,-9,-9,-9.0,-9.0,-9,-9,-9.0,-9,-9,-9,-9,-9,-9,-9,-9,-9,-9,-9,-9,-9,-9,-9
19,-9,-9.0,-9,-9,-9,-9,-9,-9,-9,-9,-9,-9.0,-9,-9,-9,1.2799999713897705,1.281000018119812,-9,-9,-9.0,-9.0,-9.0,-9.0,-9.0,-9.0,-9.0,-9.0,-9.0,-9.0,-9.0,-9.0,-9.0,1.305999994277954,1.3070000410079954,-9.0,-9.0,-9.0,-9.0,-9.0,-9.0,-9.0,-9.0,-9.0,-9.0,-9,-9,-9.0,-9,-9,-9,-9,-9,-9,-9,-9,-9,-9,-9,-9,-9,-9,-9,-9,-9,-9,-9,-9,-9,-9,-9,-9,-9,-9,-9,-9,-9,-9.0,-9.0,-9,-9,-9.0,-9,-9,-9,-9,-9,-9,-9,-9,-9,-9,-9,-9,-9,-9,-9
20,-9,-9.0,-9,-9,-9,-9,-9,-9,-9,-9,-9,-9.0,-9,-9,-9,-0.008999999612569809,-9.0,-9,-9,-9.0,-9.0,-9.0,-9.0,-9.0,-9.0,-9.0,-9.0,-9.0,-9.0,-9.0,-9.0,-9.0,-9.0,1.3070000410079954,1.3049999475479124,-9.0,-9.0,-9.0,-9.0,-9.0,-9.0,-9.0,-9.0,-9.0,-9,-9,-9.0,-9,-9,-9,-9,-9,-9,-9,-9,-9,-9,-9,-9,-9,-9,-9,-9,-9,-9,-9,-9,-9,-9,-9,-9,-9,-9,-9,-9,-9,-9.0,-9.0,-9,-9,-9.0,-9,-9,-9,-9,-9,-9,-9,-9,-9,-9,-9,-9,-9,-9,-9
21,-9,-9.0,-9,-9,-9,-9,-9,-9,-9,-9,-9,-9.0,-9,-9,-9,-0.008999999612569809,-9.0,-9,-9,-9.0,-9.0,-9.0,-9.0,-9.0,-9.0,-9.0,-9.0,-9.0,-9.0,-9.0,-9.0,-9.0,-9.0,-9.0,0.0,-9.0,-9.0,-9.0,-9.0,-9.0,-9.0,-9.0,-9.0,-9.0,0,0,0.0,0,-9,-9,-9,-9,-9,-9,-9,-9,-9,-9,-9,-9,-9,-9,-9,-9,-9,-9,-9,-9,-9,-9,-9,-9,-9,-9,-9,-9,-9.0,-9.0,-9,-9,-9.0,-9,-9,-9,-9,-9,-9,-9,-9,-9,-9,-9,-9,-9,-9,-9
22,-9,-9.0,-9,-9,-9,-9,-9,-9,-9,-9,-9,-9.0,-9,-9,-9,-9.0,-9.0,-9,-9,-9.0,-9.0,-9.0,-9.0,-9.0,-9.0,-9.0,-9.0,-9.0,-9.0,-9.0,-9.0,-9.0,-9.0,0.0,0.0,-9.0,-9.0,-9.0,-9.0,-9.0,-9.0,-9.0,-9.0,-9.0,0,0,0.0,0,0,-9,-9,-9,-9,-9,-9,-9,-9,-9,-9,-9,-9,-9,-9,-9,-9,-9,-9,-9,-9,-9,-9,-9,-9,-9,-9,-9,-9.0,-9.0,-9,-9,-9.0,-9,-9,-9,-9,-9,-9,-9,-9,-9,-9,-9,-9,-9,-9,-9
23,-9,-9.0,-9,-9,-9,-9,-9,-9,-9,-9,-9,-9.0,-9,-9,-9,-9.0,-9.0,-9,-9,-9.0,-9.0,-9.0,-9.0,-9.0,-9.0,-9.0,-9.0,-9.0,-9.0,-9.0,-9.0,-9.0,0.0,0.0,-9.0,-9.0,-9.0,-9.0,-9.0,-9.0,-9.0,-9.0,-9.0,-9.0,0,0,-9.0,0,0,0,0,-9,-9,-9,-9,-9,-9,-9,-9,-9,-9,-9,-9,-9,-9,-9,-9,-9,-9,-9,-9,-9,-9,-9,-9,-9,-9.0,-9.0,-9,-9,-9.0,-9,-9,-9,-9,-9,-9,-9,-9,-9,-9,-9,-9,-9,-9,-9
24,-9,-9.0,-9,-9,-9,-9,-9,-9,-9,-9,-9,-9.0,-9,-9,-9,-9.0,-9.0,-9,-9,-9.0,-9.0,-9.0,-9.0,-9.0,-9.0,-9.0,-9.0,-9.0,-9.0,1.305999994277954,-9.0,-9.0,-9.0,-9.0,-9.0,-9.0,-9.0,-9.0,-9.0,-9.0,-9.0,-9.0,-9.0,-9.0,0,-9,-9.0,-9,-9,0,0,0,-9,-9,-9,-9,-9,-9,-9,-9,-9,-9,-9,-9,-9,-9,-9,-9,-9,-9,-9,-9,-9,-9,-9,-9,-9.0,-9.0,-9,-9,-9.0,-9,-9,-9,-9,-9,-9,-9,-9,-9,-9,-9,-9,-9,-9,-9
25,-9,-9.0,-9,-9,-9,-9,-9,-9,-9,-9,-9,-9.0,-9,-9,-9,-9.0,-9.0,-9,-9,-9.0,-9.0,-9.0,-9.0,-9.0,-9.0,-9.0,-9.0,-9.0,0.0,0.0,0.0,-9.0,-9.0,-9.0,-9.0,-9.0,-9.0,-9.0,-9.0,-9.0,-9.0,-9.0,-9.0,-9.0,-9,-9,-9.0,-9,-9,-9,-9,0,0,-9,-9,-9,-9,-9,-9,-9,-9,-9,-9,-9,-9,-9,-9,-9,-9,-9,-9,-9,-9,-9,-9,-9,-9.0,-9.0,-9,-9,-9.0,-9,-9,-9,-9,-9,-9,-9,-9,-9,-9,-9,-9,-9,-9,-9
26,-9,-9.0,-9,-9,-9,-9,-9,-9,-9,-9,-9,-9.0,-9,-9,-9,-9.0,-9.0,-9,-9,-9.0,-9.0,-9.0,-9.0,-9.0,-9.0,-9.0,-9.0,-9.0,0.0,0.0,0.0,0.0,-9.0,-9.0,-9.0,-9.0,-9.0,-9.0,-0.008999999612569809,-0.008999999612569809,0.0,0.0,-9.0,-9.0,-9,-9,-9.0,-9,-9,-9,-9,-9,0,0,-9,-9,-9,-9,-9,-9,-9,-9,-9,-9,-9,-9,-9,-9,-9,-9,-9,-9,-9,-9,-9,-9,-9.0,-9.0,-9,-9,-9.0,-9,-9,-9,-9,-9,-9,-9,-9,-9,-9,-9,-9,-9,-9,-9
27,-9,-9.0,-9,-9,-9,-9,-9,-9,-9,-9,-9,-9.0,-9,-9,-9,-9.0,-9.0,-9,-9,-9.0,-9.0,-9.0,-9.0,-9.0,-9.0,-9.0,-9.0,-9.0,0.0,0.0,0.0,0.0,-9.0,-9.0,-9.0,-9.0,0.0,0.0,0.0,0.0,0.0,-9.0,-9.0,-9.0,-9,-9,-9.0,-9,-9,-9,-9,-9,-9,0,-9,-9,-9,-9,-9,-9,-9,-9,-9,-9,-9,-9,-9,-9,-9,-9,-9,-9,-9,-9,-9,-9,-9.0,-9.0,-9,-9,-9.0,-9,-9,-9,-9,-9,-9,-9,-9,-9,-9,-9,-9,-9,-9,-9
28,-9,-9.0,-9,-9,-9,-9,-9,-9,-9,-9,-9,-9.0,-9,-9,-9,-9.0,-9.0,-9,-9,-9.0,-9.0,-9.0,-9.0,-9.0,-9.0,-9.0,-9.0,-9.0,0.0,0.0,0.0,0.0,-9.0,-9.0,-9.0,-9.0,0.0,0.0,0.0,-9.0,-9.0,-9.0,-9.0,-9.0,-9,-9,-9.0,-9,-9,-9,-9,-9,0,0,-9,-9,-9,-9,-9,-9,-9,-9,-9,-9,-9,-9,-9,-9,-9,-9,-9,-9,-9,-9,-9,-9,-9.0,-9.0,-9,-9,-9.0,-9,-9,-9,-9,-9,-9,-9,-9,-9,-9,-9,-9,-9,-9,-9
29,-9,-9.0,-9,-9,-9,-9,-9,-9,-9,-9,-9,-9.0,-9,-9,-9,-9.0,-9.0,-9,-9,-9.0,-9.0,-9.0,-9.0,-9.0,-9.0,-9.0,-9.0,-9.0,0.0,0.0,0.0,0.0,0.0,-9.0,-9.0,-9.0,-9.0,-9.0,-9.0,-9.0,-9.0,-9.0,-9.0,-9.0,-9,-9,-9.0,-9,-9,-9,-9,-9,0,0,-9,-9,-9,-9,-9,-9,-9,-9,-9,-9,-9,-9,-9,-9,-9,-9,-9,-9,-9,-9,-9,-9,-9.0,-9.0,-9,-9,-9.0,-9,-9,-9,-9,-9,-9,-9,-9,-9,-9,-9,-9,-9,-9,-9
30,-9,-9.0,-9,-9,-9,-9,-9,-9,-9,-9,-9,-9.0,-9,-9,-9,-9.0,-9.0,-9,-9,-9.0,-9.0,-9.0,-9.0,-9.0,-9.0,-9.0,-9.0,0.0,0.0,0.0,0.0,0.0,0.0,0.0,-9.0,-9.0,-9.0,-9.0,-9.0,-9.0,-9.0,-9.0,-9.0,-9.0,-9,0,-9.0,-9,-9,-9,0,0,0,0,-9,-9,-9,-9,-9,-9,-9,-9,-9,-9,-9,-9,-9,-9,-9,-9,-9,-9,-9,-9,-9,-9,-9.0,-9.0,-9,-9,-9.0,-9,-9,-9,-9,-9,-9,-9,-9,-9,-9,-9,-9,-9,-9,-9
31,-9,-9.0,-9,-9,-9,-9,-9,-9,-9,-9,-9,-9.0,-9,-9,-9,-9.0,-9.0,-9,-9,-9.0,-9.0,-9.0,-9.0,-9.0,-9.0,0.0,0.0,0.0,0.0,0.0,0.0,0.0,0.0,0.0,-9.0,-9.0,-9.0,-9.0,-9.0,-9.0,-9.0,-9.0,-9.0,-9.0,-9,0,-9.0,-9,-9,-9,-9,-9,0,0,-9,-9,-9,0,0,0,-9,-9,-9,-9,-9,-9,-9,-9,-9,-9,-9,-9,-9,-9,-9,-9,-9.0,-9.0,-9,-9,-9.0,-9,-9,-9,-9,-9,-9,-9,-9,-9,-9,-9,-9,-9,-9,-9
32,-9,-9.0,-9,-9,-9,-9,-9,-9,-9,-9,-9,-9.0,-9,-9,-9,-9.0,-9.0,-9,-9,-9.0,-9.0,-9.0,-9.0,-9.0,0.0,0.0,0.0,0.0,0.0,0.0,0.0,0.0,0.0,0.0,0.0,-9.0,-9.0,-9.0,-9.0,-9.0,-9.0,-9.0,-9.0,-9.0,-9,0,-9.0,-9,-9,-9,-9,-9,0,0,-9,-9,-9,-9,0,0,-9,-9,-9,-9,-9,-9,-9,-9,-9,-9,-9,-9,-9,-9,-9,-9,-9.0,-9.0,-9,-9,-9.0,-9,-9,-9,-9,-9,-9,-9,-9,-9,-9,-9,-9,-9,-9,-9
33,-9,-9.0,-9,-9,-9,-9,-9,-9,-9,-9,-9,-9.0,-9,-9,-9,-9.0,-9.0,-9,-9,-9.0,-9.0,-9.0,-9.0,-9.0,-9.0,-9.0,0.0,0.0,0.0,0.0,0.0,0.0,0.0,0.0,0.0,-9.0,-9.0,-9.0,-9.0,-9.0,-9.0,-9.0,-9.0,-9.0,-9,0,-9.0,-9,-9,-9,-9,-9,-9,-9,-9,0,0,-9,-9,0,0,-9,-9,-9,-9,-9,-9,-9,-9,-9,-9,-9,-9,-9,-9,-9,-9.0,-9.0,-9,-9,-9.0,-9,-9,-9,-9,-9,-9,-9,-9,-9,-9,-9,-9,-9,-9,-9
34,-9,-9.0,-9,-9,-9,-9,-9,-9,-9,-9,-9,-9.0,-9,-9,-9,-9.0,-9.0,-9,-9,-9.0,-9.0,-9.0,-9.0,-9.0,-9.0,-9.0,-9.0,0.0,0.0,0.0,0.0,0.0,0.0,0.0,0.0,-9.0,-9.0,-9.0,-9.0,-9.0,-9.0,-9.0,-9.0,-9.0,-9,0,-9.0,-9,-9,-9,-9,-9,-9,-9,-9,-9,-9,-9,-9,-9,0,-9,-9,-9,-9,-9,-9,-9,-9,-9,-9,-9,-9,-9,-9,-9,-9.0,-9.0,-9,-9,-9.0,-9,-9,-9,-9,-9,-9,-9,-9,-9,-9,-9,-9,-9,-9,-9
35,-9,-9.0,-9,-9,-9,-9,-9,-9,-9,-9,-9,-9.0,-9,-9,-9,-9.0,-9.0,-9,-9,-9.0,-9.0,-9.0,-9.0,-9.0,-9.0,-9.0,-9.0,-9.0,-9.0,0.0,0.0,0.0,0.0,0.0,0.0,-9.0,-9.0,-9.0,-9.0,-9.0,-9.0,-9.0,-9.0,-9.0,-9,-9,-0.008999999612569809,0,-9,-9,-9,-9,-9,-9,-9,-9,-9,-9,-9,-9,0,0,-9,-9,-9,-9,-9,-9,-9,-9,-9,-9,-9,-9,-9,-9,-9.0,-9.0,-9,-9,-9.0,-9,-9,-9,-9,-9,-9,-9,-9,-9,-9,-9,-9,-9,-9,-9
36,-9,-9.0,-9,-9,-9,-9,-9,-9,-9,-9,-9,-9.0,-9,-9,-9,-9.0,-9.0,-9,-9,-9.0,-9.0,-9.0,-9.0,-9.0,-9.0,-9.0,-9.0,-9.0,-9.0,-9.0,0.0,0.0,0.0,0.0,0.0,0.0,-9.0,-9.0,-9.0,-9.0,-9.0,-9.0,-9.0,-9.0,-9,-9,-9.0,0,0,-9,-9,-9,-9,-9,-9,-9,-9,-9,-9,-9,-9,0,0,-9,-9,-9,-9,-9,-9,-9,-9,-9,-9,-9,-9,-9,-9.0,-9.0,-9,-9,-9.0,-9,-9,-9,-9,-9,-9,-9,-9,-9,-9,-9,-9,-9,-9,-9
37,-9,-9.0,-9,-9,-9,-9,-9,-9,-9,-9,-9,-9.0,-9,-9,-9,-9.0,-9.0,-9,-9,-9.0,-9.0,-9.0,-9.0,-9.0,-9.0,-9.0,-9.0,-9.0,-9.0,-9.0,0.0,0.0,0.0,0.0,0.0,0.0,-9.0,-9.0,-9.0,-9.0,-9.0,-9.0,-9.0,-9.0,-9,-9,-9.0,-9,0,0,-9,-9,-9,-9,-9,-9,-9,-9,-9,-9,-9,0,0,0,-9,-9,-9,-9,-9,-9,-9,-9,-9,-9,-9,-9,-9.0,-9.0,-9,-9,-9.0,-9,-9,-9,-9,-9,-9,-9,-9,-9,-9,-9,-9,-9,-9,-9
38,-9,-9.0,-9,-9,-9,-9,-9,-9,-9,-9,-9,-9.0,-9,-9,-9,-9.0,-9.0,-9,-9,-9.0,-9.0,-9.0,-9.0,-9.0,-9.0,-9.0,-9.0,-9.0,-9.0,-9.0,-9.0,0.0,0.0,0.0,0.0,0.0,0.0,-9.0,-9.0,-9.0,-9.0,-9.0,-9.0,-9.0,-9,-9,-9.0,-9,-9,0,0,-9,-9,-9,-9,-9,-9,-9,-9,-9,0,0,0,0,-9,-9,-9,-9,-9,-9,-9,-9,0,0,-9,-9,-9.0,-9.0,-9,-9,-9.0,-9,-9,-9,-9,-9,-9,-9,-9,-9,-9,-9,-9,-9,-9,-9
39,-9,-9.0,-9,-9,-9,-9,-9,-9,-9,-9,-9,-9.0,-9,-9,-9,-9.0,-9.0,-9,-9,-9.0,-9.0,-9.0,-9.0,-9.0,-9.0,-9.0,-9.0,-9.0,-9.0,-9.0,-9.0,-9.0,0.0,0.0,0.0,0.0,0.0,-9.0,-9.0,-9.0,0.0,0.0,-9.0,-9.0,-9,-9,-9.0,-9,-9,-9,0,-9,-9,-9,-9,-9,-9,-9,-9,-9,-9,-9,-9,-9,-9,-9,-9,-9,-9,-9,-9,-9,0,0,-9,-9,-9.0,-9.0,-9,-9,-9.0,-9,-9,-9,-9,-9,-9,-9,-9,-9,-9,-9,-9,-9,-9,-9
40,-9,-0.008999999612569809,0,-9,-9,-9,-9,-9,-9,-9,-9,-9.0,-9,-9,-9,-9.0,-9.0,-9,-9,-9.0,-9.0,-9.0,-9.0,-9.0,-9.0,-9.0,-9.0,-9.0,-9.0,-9.0,-9.0,-9.0,0.0,0.0,0.0,0.0,0.0,-0.008999999612569809,-9.0,-9.0,-9.0,-9.0,-9.0,-9.0,-9,-9,-9.0,-9,-9,-9,-9,0,-9,-9,-9,-9,-9,-9,-9,-9,-9,-9,-9,-9,-9,-9,-9,-9,-9,-9,-9,-9,0,0,-9,-9,-9.0,-9.0,-9,-9,-9.0,-9,-9,-9,-9,-9,-9,-9,-9,-9,-9,-9,-9,-9,-9,-9
41,-9,-9.0,-9,-9,-9,-9,-9,-9,-9,-9,-9,-9.0,-9,-9,-9,-9.0,-9.0,-9,-9,-9.0,-9.0,-9.0,-9.0,-9.0,-9.0,-9.0,-9.0,-9.0,-9.0,-9.0,-9.0,-9.0,-9.0,0.0,0.0,0.0,0.0,-9.0,-9.0,-9.0,-9.0,-9.0,-9.0,-9.0,-9,-9,-9.0,-9,-9,-9,-9,0,0,-9,-9,-9,-9,-9,-9,-9,-9,-9,-9,-9,-9,0,-9,-9,-9,-9,-9,-9,-9,-9,-9,-9,-9.0,-9.0,-9,-9,-9.0,-9,-9,-9,-9,-9,-9,-9,-9,-9,-9,-9,-9,-9,-9,-9
42,-9,-9.0,-9,-9,-9,-9,-9,-9,-9,-9,-9,-9.0,-9,-9,-9,-9.0,-9.0,-9,-9,-9.0,-9.0,-9.0,-9.0,-9.0,-9.0,-9.0,-9.0,-9.0,-9.0,-9.0,-9.0,-9.0,-0.008999999612569809,0.0,0.0,0.0,0.0,-9.0,-9.0,-9.0,-9.0,-9.0,-9.0,-9.0,-9,-9,-9.0,-9,-9,-9,-9,-9,0,0,0,-9,-9,-9,-9,-9,-9,-9,-9,-9,-9,0,-9,-9,-9,-9,-9,-9,-9,-9,-9,-9,-9.0,-9.0,-9,-9,-9.0,-9,-9,-9,-9,-9,-9,-9,-9,-9,-9,-9,-9,-9,-9,-9
43,-9,-9.0,0,-9,-9,-9,-9,-9,-9,-9,-9,-9.0,-9,-9,-9,-9.0,-9.0,-9,-9,-9.0,-9.0,-9.0,-9.0,-9.0,-9.0,-9.0,-9.0,-9.0,-9.0,-9.0,-9.0,-9.0,-9.0,0.0,0.0,0.0,0.0,-9.0,-9.0,-9.0,-9.0,-9.0,-9.0,-9.0,-9,-9,-9.0,-9,-9,-9,-9,-9,0,0,0,0,-9,-9,-9,-9,-9,-9,0,0,-9,-9,-9,0,0,0,-9,-9,-9,-9,-9,-9,-9.0,-9.0,-9,-9,-9.0,-9,-9,-9,-9,-9,-9,-9,-9,-9,-9,-9,-9,-9,-9,-9
44,-9,-9.0,-9,-9,-9,-9,-9,-9,-9,-9,-9,-9.0,-9,-9,-9,-9.0,-9.0,-9,-9,-9.0,-9.0,-9.0,-9.0,-9.0,-9.0,-9.0,-9.0,-9.0,-9.0,-9.0,-9.0,-9.0,-9.0,-9.0,-9.0,-9.0,-9.0,-9.0,-9.0,-9.0,-9.0,-9.0,-9.0,-9.0,-9,-9,-9.0,-9,-9,-9,-9,-9,-9,-9,0,0,0,-9,-9,-9,-9,-9,0,0,-9,-9,-9,0,0,0,-9,-9,-9,-9,-9,-9,-9.0,-9.0,-9,-9,-9.0,-9,-9,-9,-9,-9,-9,-9,-9,-9,-9,-9,-9,-9,-9,-9
45,-9,-9.0,-9,-9,-9,-9,-9,-9,-9,-9,-9,-0.008999999612569809,0,-9,-9,-9.0,-9.0,-9,-9,-9.0,-9.0,-9.0,-9.0,-9.0,-9.0,-9.0,-9.0,-9.0,-9.0,-9.0,-9.0,-9.0,-9.0,-9.0,-9.0,-9.0,-9.0,-9.0,-9.0,-9.0,-9.0,-9.0,-9.0,-9.0,-9,-9,-9.0,-9,-9,-9,-9,-9,-9,-9,-9,0,0,0,0,-9,-9,-9,-9,0,0,-9,-9,-9,-9,-9,-9,-9,-9,-9,-9,-9,-9.0,-9.0,-9,-9,-9.0,-9,-9,-9,-9,-9,-9,-9,-9,-9,-9,-9,-9,-9,-9,-9
46,-9,-9.0,-9,-9,-9,-9,-9,-9,-9,-9,-9,-9.0,-9,-9,-9,-9.0,-9.0,-9,-9,-9.0,-9.0,-9.0,-9.0,-9.0,-9.0,-9.0,-9.0,-9.0,-9.0,-9.0,-9.0,-9.0,-9.0,-9.0,-9.0,-9.0,-9.0,-9.0,-9.0,-9.0,-9.0,-9.0,-9.0,-9.0,-9,-9,-9.0,-9,-9,-9,-9,-9,-9,-9,0,0,0,0,0,0,0,-9,-9,-9,0,0,-9,-9,-9,-9,-9,-9,-9,-9,-9,-9,-9.0,-9.0,-9,-9,-9.0,-9,-9,-9,-9,-9,-9,-9,-9,-9,-9,-9,-9,-9,-9,-9
47,-9,-9.0,-9,-9,-9,-9,-9,-9,-9,-9,-9,-9.0,-9,-9,-9,-9.0,-9.0,-9,-9,-9.0,-9.0,-9.0,-9.0,-9.0,-9.0,-9.0,-9.0,-9.0,-9.0,-9.0,-9.0,-9.0,-9.0,-9.0,-9.0,-9.0,-9.0,-9.0,-9.0,-9.0,-9.0,-9.0,-9.0,-9.0,-9,-9,-9.0,-9,-9,-9,-9,-9,-9,-9,-9,-9,-9,-9,-9,-9,0,0,-9,-9,0,0,-9,-9,-9,-9,-9,-9,-9,-9,-9,-9,-9.0,-9.0,-9,-9,-9.0,-9,-9,-9,-9,-9,-9,-9,-9,-9,-9,-9,-9,-9,-9,-9
48,-9,-9.0,-9,-9,-9,-9,-9,-9,-9,-9,-9,-9.0,-9,-9,-9,-9.0,-9.0,-9,-9,-9.0,-9.0,-9.0,-9.0,-9.0,-9.0,-9.0,-9.0,-9.0,-9.0,-9.0,-9.0,-9.0,-9.0,-9.0,-9.0,-9.0,-9.0,-9.0,-9.0,-9.0,-9.0,-9.0,-9.0,-9.0,-9,-9,-9.0,-9,-9,-9,-9,-9,-9,-9,-9,-9,-9,-9,-9,-9,-9,-9,-9,-9,-9,0,0,-9,-9,-9,-9,-9,-9,-9,-9,-9,-9.0,-9.0,-9,-9,-9.0,-9,-9,-9,-9,-9,-9,-9,-9,-9,-9,-9,-9,-9,-9,-9
49,-9,-9.0,-9,-9,-9,-9,-9,-9,-9,-9,-9,-9.0,-9,-9,-9,-9.0,-9.0,-9,-9,-9.0,-9.0,-9.0,-9.0,-9.0,-9.0,-9.0,-9.0,-9.0,-9.0,-9.0,-9.0,-9.0,-9.0,-9.0,-9.0,-9.0,-9.0,-9.0,-9.0,-9.0,-9.0,-9.0,-9.0,-9.0,-9,-9,-9.0,-9,-9,-9,-9,-9,-9,-9,-9,-9,-9,-9,-9,-9,-9,-9,-9,-9,0,0,0,-9,-9,-9,-9,-9,-9,-9,-9,-9,-9.0,-9.0,-9,-9,-9.0,-9,-9,-9,-9,-9,-9,-9,-9,-9,-9,-9,-9,-9,-9,-9
50,-9,-9.0,-9,-9,-9,-9,-9,-9,-9,-9,-9,-9.0,-9,-9,-9,-9.0,-9.0,-9,-9,-9.0,-9.0,-9.0,-9.0,-9.0,-9.0,-9.0,-9.0,-9.0,-9.0,-9.0,-9.0,-9.0,-9.0,-9.0,-9.0,-9.0,-9.0,-9.0,-9.0,-9.0,-9.0,-9.0,-9.0,-9.0,-9,-9,-9.0,-9,-9,-9,-9,-9,-9,-9,-9,-9,-9,-9,-9,-9,-9,-9,-9,-9,0,0,0,0,-9,-9,-9,-9,-9,-9,-9,-9,-9.0,-9.0,-9,-9,-9.0,0,0,-9,-9,-9,-9,-9,-9,-9,-9,-9,-9,-9,-9,-9
51,-9,-9.0,-9,-9,-9,-9,-9,-9,-9,-9,-9,-9.0,-9,-9,-9,-9.0,-9.0,-9,-9,-9.0,-9.0,-9.0,-9.0,-9.0,-9.0,-9.0,-9.0,-9.0,-9.0,-9.0,-9.0,-9.0,-9.0,-9.0,-9.0,-9.0,-9.0,-9.0,-9.0,-9.0,-9.0,-9.0,-9.0,-9.0,-9,-9,-9.0,-9,-9,-9,-9,-9,-9,-9,-9,-9,-9,-9,0,-9,-9,-9,-9,-9,-9,-9,-9,0,0,-9,-9,-9,-9,-9,-9,-9,-9.0,-9.0,-9,-9,-9.0,0,0,-9,-9,-9,-9,-9,-9,-9,-9,-9,-9,-9,-9,-9
52,-9,-9.0,-9,-9,-9,-9,-9,-9,-9,-9,-9,-9.0,-9,-9,-9,-9.0,-9.0,-9,-9,-9.0,-9.0,-9.0,-9.0,-9.0,-9.0,-9.0,-9.0,-9.0,-9.0,-9.0,-9.0,-9.0,-9.0,-9.0,-9.0,-9.0,-9.0,-9.0,-9.0,-9.0,-9.0,-9.0,-9.0,-9.0,-9,-9,-9.0,-9,-9,-9,-9,-9,-9,-9,-9,-9,-9,-9,-9,-9,-9,-9,-9,-9,-9,-9,-9,-9,0,-9,-9,-9,-9,-9,-9,-9,-9.0,-9.0,-9,-9,-9.0,-9,-9,-9,-9,-9,-9,-9,-9,-9,-9,-9,-9,-9,-9,-9
53,-9,-9.0,-9,-9,-9,-9,-9,-9,-9,-9,-9,-9.0,-9,-9,-9,-9.0,-9.0,-9,-9,-9.0,-9.0,-9.0,-9.0,-9.0,-9.0,-9.0,-9.0,-9.0,-9.0,-9.0,-9.0,-9.0,-9.0,-9.0,-9.0,-9.0,-9.0,-9.0,-9.0,-9.0,-9.0,-9.0,-9.0,-9.0,-9,-9,-9.0,-9,-9,-9,-9,-9,-9,-9,-9,-9,0,-9,-9,-9,-9,-9,-9,-9,-9,-9,-9,-9,0,0,-9,-9,-9,-9,0,0,-9.0,-9.0,-9,-9,-9.0,-9,-9,-9,-9,-9,-9,-9,-9,-9,-9,-9,-9,-9,-9,-9
54,-9,-9.0,-9,-9,-9,-9,-9,-9,-9,-9,-9,-9.0,-9,-9,-9,-9.0,-9.0,-9,-9,-9.0,-9.0,-9.0,-9.0,-9.0,-9.0,-9.0,-9.0,-9.0,-9.0,-9.0,-9.0,-9.0,-9.0,-9.0,-9.0,-9.0,-9.0,-9.0,-9.0,-9.0,-9.0,-9.0,-9.0,-9.0,-9,-9,-9.0,-9,-9,-9,-9,-9,-9,-9,-9,-9,-9,-9,-9,-9,-9,-9,-9,-9,-9,-9,-9,-9,-9,-9,-9,-9,-9,-9,0,0,0.0,0.0,-9,-9,-9.0,-9,-9,-9,-9,-9,-9,-9,-9,-9,-9,-9,-9,-9,-9,-9
55,-9,-9.0,-9,-9,-9,-9,-9,-9,-9,-9,-9,-9.0,-9,-9,-9,-9.0,-9.0,-9,-9,-9.0,-9.0,-9.0,-9.0,-9.0,-9.0,-9.0,-9.0,-9.0,-9.0,-9.0,-9.0,-9.0,-9.0,-9.0,-9.0,-9.0,-9.0,-9.0,-9.0,-9.0,-9.0,-9.0,-9.0,-9.0,-9,-9,-9.0,-9,-9,-9,-9,-9,-9,-9,-9,-9,-9,-9,-9,-9,-9,-9,-9,-9,-9,-9,-9,-9,-9,-9,-9,-9,-9,-9,-9,0,0.0,0.0,0,0,0.0,-9,-9,-9,-9,-9,-9,-9,-9,-9,-9,-9,-9,-9,-9,-9
56,-9,-9.0,-9,-9,-9,-9,-9,-9,-9,-9,-9,-9.0,-9,-9,-9,-9.0,-9.0,-9,-9,-9.0,-9.0,-9.0,-9.0,-9.0,-9.0,-9.0,-9.0,-9.0,-9.0,-9.0,-9.0,-9.0,-9.0,-9.0,-9.0,-9.0,-9.0,-9.0,-9.0,-9.0,-9.0,-9.0,-9.0,-9.0,-9,-9,-9.0,-9,-9,-9,-9,-9,-9,-9,-9,-9,-9,-9,-9,-9,-9,-9,-9,-9,-9,-9,-9,-9,-9,-9,-9,-9,-9,-9,0,0,0.0,-9.0,0,0,0.0,-9,-9,0,0,0,-9,-9,-9,-9,-9,-9,-9,-9,-9,-9
57,-9,-9.0,-9,-9,-9,-9,-9,-9,-9,-9,-9,-9.0,-9,-9,-9,-9.0,-9.0,-9,-9,-9.0,-9.0,-9.0,-9.0,-9.0,-9.0,-9.0,-9.0,-9.0,-9.0,-9.0,-9.0,-9.0,-9.0,-9.0,-9.0,-9.0,-9.0,-9.0,-9.0,-9.0,-9.0,-9.0,-9.0,-9.0,-9,-9,-9.0,-9,-9,-9,-9,-9,-9,-9,-9,-9,-9,-9,-9,-9,-9,-9,-9,-9,-9,-9,-9,-9,-9,-9,-9,-9,-9,-9,0,0,-9.0,-9.0,-9,-9,0.0,-9,-9,0,-9,-9,-9,-9,-9,-9,-9,-9,-9,-9,-9,-9
58,-9,-9.0,-9,-9,-9,-9,-9,-9,-9,-9,-9,-9.0,-9,-9,-9,-9.0,-9.0,-9,-9,-9.0,-9.0,-9.0,-9.0,-9.0,-9.0,-9.0,-9.0,-9.0,-9.0,-9.0,-9.0,-9.0,-9.0,-9.0,-9.0,-9.0,-9.0,-9.0,-9.0,-9.0,-9.0,-9.0,-9.0,-9.0,-9,-9,-9.0,-9,-9,-9,-9,-9,-9,-9,-9,-9,0,-9,-9,-9,-9,-9,-9,-9,-9,-9,-9,-9,-9,-9,-9,-9,-9,-9,-9,-9,-0.008999999612569809,-9.0,-9,0,0.0,-9,-9,-9,-9,-9,-9,-9,-9,0,0,-9,-9,-9,-9,-9
59,-9,-9.0,-9,-9,-9,-9,-9,-9,-9,-9,-9,-9.0,-9,-9,-9,-9.0,-9.0,-9,-9,-9.0,-9.0,-9.0,-9.0,-9.0,-9.0,-9.0,-9.0,-9.0,-9.0,-9.0,-9.0,-9.0,-9.0,-9.0,-9.0,-9.0,-9.0,-9.0,-9.0,-9.0,-9.0,-9.0,-9.0,-9.0,-9,-9,-9.0,-9,-9,-9,-9,-9,-9,-9,-9,-9,-9,0,-9,-9,-9,-9,-9,-9,-9,-9,-9,-9,-9,-9,-9,-9,-9,-9,-9,-9,-9.0,0.0,0,0,-9.0,-9,-9,-9,-9,-9,-9,-9,-9,0,0,0,0,0,0,-9
60,-9,-9.0,-9,-9,-9,-9,-9,-9,-9,-9,-9,-9.0,-9,-9,-9,-9.0,-9.0,-9,-9,-9.0,-9.0,-9.0,-9.0,-9.0,-9.0,-9.0,-9.0,-9.0,-9.0,-9.0,-9.0,-9.0,-9.0,-9.0,-9.0,-9.0,-9.0,-9.0,-9.0,-9.0,-9.0,-9.0,-9.0,-9.0,-9,-9,-9.0,-9,-9,-9,-9,-9,-9,-9,-9,-9,-9,0,0,-9,-9,-9,-9,-9,-9,-9,-9,-9,-9,-9,-9,-9,-9,-9,-9,-9,0.0,0.0,0,-9,-9.0,-9,-9,-9,-9,-9,-9,-9,-9,-9,-9,-9,0,0,0,-9
61,-9,-9.0,-9,-9,-9,-9,-9,-9,-9,-9,-9,-9.0,-9,-9,-9,-9.0,-9.0,-9,-9,-9.0,-9.0,-9.0,-9.0,-9.0,-9.0,-9.0,-9.0,-9.0,-9.0,-9.0,-9.0,-9.0,-9.0,-9.0,-9.0,-9.0,-9.0,-9.0,-9.0,-9.0,-9.0,-9.0,-9.0,-9.0,-9,-9,-9.0,-9,-9,-9,-9,-9,-9,-9,-9,-9,-9,-9,0,-9,-9,-9,-9,-9,-9,-9,-9,-9,-9,-9,-9,-9,-9,-9,-9,0,0.0,-0.008999999612569809,-9,-9,-9.0,-9,-9,-9,-9,-9,-9,-9,-9,-9,-9,-9,-9,-9,-9,-9
62,-9,-9.0,-9,-9,-9,-9,-9,-9,-9,-9,-9,-9.0,-9,-9,-9,-9.0,-9.0,-9,-9,-9.0,-9.0,-9.0,-9.0,-9.0,-9.0,-9.0,-9.0,-9.0,-9.0,-9.0,-9.0,-9.0,-9.0,-9.0,-9.0,-9.0,-9.0,-9.0,-9.0,-9.0,-9.0,-9.0,-9.0,-9.0,-9,-9,-9.0,-9,-9,-9,-9,-9,-9,-9,-9,-9,-9,-9,0,-9,-9,-9,-9,-9,-9,-9,-9,-9,-9,-9,-9,-9,-9,-9,-9,0,-9.0,-9.0,-9,-9,-9.0,-9,-9,-9,-9,-9,-9,-9,-9,-9,-9,-9,-9,-9,-9,-9
63,-9,-9.0,-9,-9,-9,-9,-9,-9,-9,-9,-9,-9.0,-9,-9,-9,-9.0,-9.0,-9,-9,-9.0,-9.0,-9.0,-9.0,-9.0,-9.0,-9.0,-9.0,-9.0,-9.0,-9.0,-9.0,-9.0,-9.0,-9.0,-9.0,-9.0,-9.0,-9.0,-9.0,-9.0,-9.0,-9.0,-9.0,-9.0,-9,-9,-9.0,-9,-9,-9,-9,-9,-9,-9,-9,-9,-9,-9,-9,-9,-9,-9,-9,-9,-9,-9,-9,-9,-9,-9,-9,-9,-9,-9,-9,-9,-9.0,-9.0,-9,-9,-9.0,-9,-9,-9,-9,-9,-9,-9,-9,-9,-9,-9,-9,-9,-9,-9
64,-9,-9.0,-9,-9,-9,-9,-9,-9,-9,-9,-9,-9.0,-9,-9,-9,-9.0,-9.0,-9,-9,-9.0,-9.0,-9.0,-9.0,-9.0,-9.0,-9.0,-9.0,-9.0,-9.0,-9.0,-9.0,-9.0,-9.0,-9.0,-9.0,-9.0,-9.0,-9.0,-9.0,-9.0,-9.0,-9.0,-9.0,-9.0,-9,-9,-9.0,-9,-9,-9,-9,-9,-9,-9,-9,-9,-9,-9,-9,-9,-9,-9,-9,-9,-9,-9,-9,-9,-9,-9,-9,-9,-9,-9,-9,-9,-9.0,-9.0,-9,-9,-9.0,-9,-9,-9,-9,-9,-9,-9,-9,-9,-9,-9,-9,-9,-9,-9
65,-9,-9.0,-9,-9,-9,-9,-9,-9,-9,-9,-9,-9.0,-9,-9,-9,-9.0,-9.0,-9,-9,-9.0,-9.0,-9.0,-9.0,-9.0,-9.0,-9.0,-9.0,-9.0,-9.0,-9.0,-9.0,-9.0,-9.0,-9.0,-9.0,-9.0,-9.0,-9.0,-9.0,-9.0,-9.0,-9.0,-9.0,-9.0,-9,-9,-9.0,-9,-9,-9,-9,-9,-9,-9,-9,-9,-9,-9,-9,-9,-9,-9,-9,-9,-9,-9,-9,-9,-9,-9,-9,-9,-9,-9,-9,-9,-9.0,-9.0,-9,-9,-9.0,-9,-9,-9,-9,-9,-9,-9,-9,-9,-9,-9,-9,-9,-9,-9
66,-9,-9.0,-9,-9,-9,-9,-9,-9,-9,-9,-9,-9.0,-9,-9,-9,-9.0,-9.0,-9,-9,-9.0,-9.0,-9.0,-9.0,-9.0,-9.0,-9.0,-9.0,-9.0,-9.0,-9.0,-9.0,-9.0,-9.0,-9.0,-9.0,-9.0,-9.0,-9.0,-9.0,-9.0,-9.0,-9.0,-9.0,-9.0,-9,-9,-9.0,-9,-9,-9,-9,-9,-9,-9,-9,-9,-9,-9,-9,-9,-9,-9,-9,-9,-9,-9,-9,-9,-9,-9,-9,-9,-9,-9,-9,-9,-9.0,-9.0,-9,-9,-9.0,-9,-9,-9,-9,-9,-9,-9,-9,-9,-9,-9,-9,-9,-9,-9
67,-9,-9.0,-9,-9,-9,-9,-9,-9,-9,-9,-9,-9.0,-9,-9,-9,-9.0,-9.0,-9,-9,-9.0,-9.0,-9.0,-9.0,-9.0,-9.0,-9.0,-9.0,-9.0,-9.0,-9.0,-9.0,-9.0,-9.0,-9.0,-9.0,-9.0,-9.0,-9.0,-9.0,-9.0,-9.0,-9.0,-9.0,-9.0,-9,-9,-9.0,-9,-9,-9,-9,-9,-9,-9,-9,-9,-9,-9,-9,-9,-9,-9,-9,-9,-9,-9,-9,-9,-9,-9,-9,-9,-9,-9,-9,-9,-9.0,-9.0,-9,-9,-0.008999999612569809,-9,-9,-9,-9,-9,-9,-9,-9,-9,-9,-9,-9,-9,-9,-9
68,-9,-9.0,-9,-9,-9,-9,-9,-9,-9,-9,-9,-9.0,-9,-9,-9,-9.0,-9.0,-9,-9,-9.0,-9.0,-9.0,-9.0,-9.0,-9.0,-9.0,-9.0,-9.0,-9.0,-9.0,-9.0,-9.0,-9.0,-9.0,-9.0,-9.0,-9.0,-9.0,-9.0,-9.0,-9.0,-9.0,-9.0,-9.0,-9,-9,-9.0,-9,-9,-9,-9,-9,-9,-9,-9,-9,-9,-9,-9,-9,-9,-9,-9,-9,-9,-9,-9,-9,-9,-9,-9,-9,-9,-9,-9,-9,-9.0,-9.0,-9,-9,-9.0,-9,-9,-9,-9,-9,-9,-9,-9,-9,-9,-9,-9,-9,-9,-9
69,-9,-9.0,-9,-9,-9,-9,-9,-9,-9,-9,-9,-9.0,-9,-9,-9,-9.0,-9.0,-9,-9,-9.0,-9.0,-9.0,-9.0,-9.0,-9.0,-9.0,-9.0,-9.0,-9.0,-9.0,-9.0,-9.0,-9.0,-9.0,-9.0,-9.0,-9.0,-9.0,-9.0,-9.0,-9.0,-9.0,-9.0,-9.0,-9,-9,-9.0,-9,-9,-9,-9,-9,-9,-9,-9,-9,-9,-9,-9,-9,-9,-9,-9,-9,-9,-9,-9,-9,-9,-9,-9,-9,-9,-9,-9,-9,-9.0,-9.0,-9,-9,-9.0,-9,-9,-9,-9,-9,-9,-9,-9,-9,0,0,-9,-9,-9,-9
70,-9,-9.0,-9,-9,-9,-9,-9,-9,-9,-9,-9,-9.0,-9,-9,-9,-9.0,-9.0,-9,-9,-9.0,-9.0,-9.0,-9.0,-9.0,-9.0,-9.0,-9.0,-9.0,-9.0,-9.0,-9.0,-9.0,-9.0,-9.0,-9.0,-9.0,-9.0,-9.0,-9.0,-9.0,-9.0,-9.0,-9.0,-9.0,-9,-9,-9.0,-9,-9,-9,-9,-9,-9,-9,-9,-9,-9,-9,-9,-9,-9,-9,-9,-9,-9,-9,-9,-9,-9,-9,-9,-9,-9,-9,-9,-9,-9.0,-9.0,-9,-9,-9.0,-9,-9,-9,-9,-9,-9,-9,-9,-9,0,0,-9,-9,-9,-9
71,-9,-9.0,-9,-9,-9,-9,-9,-9,-9,-9,-9,-9.0,-9,-9,-9,-9.0,-9.0,-9,-9,-9.0,-9.0,-9.0,-9.0,-9.0,-9.0,-9.0,-9.0,-9.0,-9.0,-9.0,-9.0,-9.0,-9.0,-9.0,-9.0,-9.0,-9.0,-9.0,-9.0,-9.0,-9.0,-9.0,-9.0,-9.0,-9,-9,-9.0,-9,-9,-9,-9,-9,-9,-9,-9,-9,-9,-9,-9,-9,-9,-9,-9,-9,-9,-9,-9,-9,-9,-9,-9,-9,-9,-9,-9,-9,-9.0,-9.0,-9,-9,-9.0,-9,-9,-9,-9,-9,-9,-9,-9,-9,-9,-9,-9,-9,-9,-9
72,-9,-9.0,-9,-9,-9,-9,-9,-9,-9,-9,-9,-9.0,-9,-9,-9,-9.0,-9.0,-9,-9,-9.0,-9.0,-9.0,-9.0,-9.0,-9.0,-9.0,-9.0,-9.0,-9.0,-9.0,-9.0,-9.0,-9.0,-9.0,-9.0,-9.0,-9.0,-9.0,-9.0,-9.0,-9.0,-9.0,-9.0,-9.0,-9,-9,-9.0,-9,-9,-9,-9,-9,-9,-9,-9,-9,-9,-9,-9,-9,-9,-9,-9,-9,-9,-9,-9,-9,-9,-9,-9,-9,-9,-9,-9,-9,-9.0,-9.0,-9,-9,-9.0,-9,-9,-9,-9,-9,-9,-9,-9,0,0,-9,-9,-9,-9,-9
73,-9,-9.0,-9,-9,-9,-9,-9,-9,-9,-9,-9,-9.0,-9,-9,-9,-9.0,-9.0,-9,-9,-9.0,-9.0,-9.0,-9.0,-9.0,-9.0,-9.0,-9.0,-9.0,-9.0,-9.0,-9.0,-9.0,-9.0,-9.0,-9.0,-9.0,-9.0,-9.0,-9.0,-9.0,-9.0,-9.0,-9.0,-9.0,-9,-9,-9.0,-9,-9,-9,-9,-9,-9,-9,-9,-9,-9,-9,-9,-9,-9,-9,-9,-9,-9,-9,-9,-9,-9,-9,-9,-9,-9,-9,-9,-9,-9.0,-9.0,-9,-9,-9.0,-9,-9,-9,0,0,0,-9,-9,0,0,-9,-9,-9,-9,-9
74,-9,-9.0,-9,-9,-9,-9,-9,-9,-9,-9,-9,-9.0,-9,-9,-9,-9.0,-9.0,-9,-9,-9.0,-9.0,-9.0,-9.0,-9.0,-9.0,-9.0,-9.0,-9.0,-9.0,-9.0,-9.0,-9.0,-9.0,-9.0,-9.0,-9.0,-9.0,-9.0,-9.0,-9.0,-9.0,-9.0,-9.0,-9.0,-9,-9,-9.0,-9,-9,-9,-9,-9,-9,-9,-9,-9,-9,-9,-9,-9,-9,-9,-9,-9,-9,-9,-9,-9,-9,-9,-9,-9,-9,-9,-9,-9,-9.0,-9.0,-9,-9,-9.0,-9,0,0,0,0,0,0,0,0,0,-9,-9,-9,-9,-9
75,-9,-9.0,-9,-9,-9,-9,-9,-9,-9,-9,-9,-9.0,-9,-9,-9,-9.0,-9.0,-9,-9,-9.0,-9.0,-9.0,-9.0,-9.0,-9.0,-9.0,-9.0,-9.0,-9.0,-9.0,-9.0,-9.0,-9.0,-9.0,-9.0,-9.0,-9.0,-9.0,-9.0,-9.0,-9.0,-9.0,-9.0,-9.0,-9,-9,-9.0,-9,-9,-9,-9,-9,-9,-9,-9,-9,-9,-9,-9,-9,-9,-9,-9,-9,-9,-9,-9,-9,-9,-9,-9,-9,-9,-9,-9,-9,-9.0,-9.0,-9,-9,-9.0,-9,0,0,0,0,0,0,0,0,-9,-9,-9,-9,-9,-9
76,-9,-9.0,-9,-9,-9,-9,-9,-9,-9,-9,-9,-9.0,-9,-9,-9,-9.0,-9.0,-9,-9,-9.0,-9.0,-9.0,-9.0,-9.0,-9.0,-9.0,-9.0,-9.0,-9.0,-9.0,-9.0,-9.0,-9.0,-9.0,-9.0,-9.0,-9.0,-9.0,-9.0,-9.0,-9.0,-9.0,-9.0,-9.0,-9,-9,-9.0,-9,-9,-9,-9,-9,-9,-9,-9,-9,-9,-9,-9,-9,-9,-9,-9,-9,-9,-9,-9,-9,-9,-9,-9,-9,-9,-9,-9,-9,-9.0,-9.0,-9,-9,-9.0,-9,0,0,0,0,0,0,0,0,-9,-9,-9,-9,-9,-9
77,-9,-9.0,-9,-9,-9,-9,-9,-9,-9,-9,-9,-9.0,-9,-9,-9,-9.0,-9.0,-9,-9,-9.0,-9.0,-9.0,-9.0,-9.0,-9.0,-9.0,-9.0,-9.0,-9.0,-9.0,-9.0,-9.0,-9.0,-9.0,-9.0,-9.0,-9.0,-9.0,-9.0,-9.0,-9.0,-9.0,-9.0,-9.0,-9,-9,-9.0,-9,-9,-9,-9,-9,-9,-9,-9,-9,-9,-9,-9,-9,-9,-9,-9,-9,-9,-9,-9,-9,-9,-9,-9,-9,-9,-9,-9,-9,-9.0,-9.0,-9,-9,-9.0,-9,-9,-9,-9,-9,-9,-9,-9,-9,-9,-9,-9,-9,-9,-9
